plant_name,unit,ISO,pathway,available_year,raw_capacity_GW,recoverable_GW,value_low,value_mid,value_high,max_single_year_avoided_GW
Palisades,1,MISO,restart,2028,0.7685,0.7685,4.484863619094941,5.5332,6.148,0.7685
Clinton Power Station,1,MISO,retention,2027,1.0789000000000002,0.4297811196635123,2.588037889210611,3.0944240615772887,3.438248957308098,0.4297811196635123
Crane Clean Energy Center,1,PJM,restart,2028,0.8028,0.8028,0.0,2.16756,4.013999999999999,0.8028
Perry,1,PJM,retention,2026,1.24,0.5419368814081669,0.0,1.4632295798020507,2.709684407040834,0.5419368814081669
Monticello Nuclear Facility,1,MISO,retention,2030,0.617,0.24578269610935863,1.1797569413249216,1.3272265589905365,1.4746961766561517,0.24578269610935863
Point Beach Nuclear Plant,1,MISO,retention,2030,0.589,0.23462886225026292,1.126218538801262,1.2669958561514199,1.4077731735015777,0.23462886225026292
Quad Cities Generating Station,2,PJM,retention,2032,0.911,0.39814878948616134,0.0,1.0750017316126357,1.5925951579446453,0.39814878948616134
Quad Cities Generating Station,1,PJM,retention,2032,0.908,0.39683765186985126,0.0,1.0714616600485984,1.587350607479405,0.39683765186985126
Dresden Generating Station,2,PJM,retention,2029,0.902,0.39421537663723105,0.0,1.064381516920524,1.9710768831861554,0.39421537663723105
Dresden Generating Station,3,PJM,retention,2031,0.895,0.39115605553250754,0.0,1.0561213499377704,1.9557802776625377,0.39115605553250754
Donald C Cook,1,PJM,retention,2034,1.009,0.44097928495229055,0.0,0.705566855923665,0.8819585699045811,0.44097928495229055
Point Beach Nuclear Plant,2,MISO,retention,2033,0.5962999999999999,0.23753682607781287,0.5700883825867509,0.6413494304100947,0.7126104782334386,0.23753682607781287
Calvert Cliffs Nuclear Power Plant,1,PJM,retention,2034,0.8842000000000001,0.3864359601137913,0.0,0.6182975361820661,0.7728719202275826,0.3864359601137913
Arkansas Nuclear One,1,MISO,retention,2034,0.8338,0.3321452382754995,0.5314323812407993,0.5978614288958991,0.664290476550999,0.3321452382754995
Prairie Island,1,MISO,retention,2033,0.521,0.20754098002103055,0.49809835205047337,0.5603606460567825,0.6226229400630916,0.20754098002103055
Cooper Nuclear Station,1,SPP,retention,2034,0.7685,0.26897499999999996,0.43035999999999996,0.48415499999999995,0.5379499999999999,0.26897499999999996
Prairie Island,2,MISO,retention,2034,0.519,0.2067442776025237,0.3307908441640379,0.3721396996845427,0.4134885552050474,0.2067442776025237
James A Fitzpatrick,1,NYISO,retention,2034,0.8528,0.3803458131050251,0.0,0.0,0.0,0.0
Nine Mile Point Nuclear Station,1,NYISO,retention,2029,0.6214,0.2771422235734786,0.0,0.0,0.0,0.0
Diablo Canyon,2,CAISO,retention,2025,1.118,0.0,0.0,0.0,0.0,0.0
Comanche Peak,2,ERCOT,retention,2033,1.195,0.956,0.0,0.0,0.0,0.0
Comanche Peak,1,ERCOT,retention,2030,1.205,0.964,0.0,0.0,0.0,0.0
R E Ginna Nuclear Power Plant,1,NYISO,retention,2029,0.5815,0.25934696332149637,0.0,0.0,0.0,0.0
